"market","ticker","name","dividend_yield_pct","fvtpl_twd_million","fvtpl_assets_pct","evidence_tier"
"TPEx","4123","晟德",7.39,14519.42,60.58,"secondary-finmind"
"TWSE","2820","華票",5.29,160980.938,58.96,"official-openapi"
"TWSE","3356","奇偶",5.87,1899.132,54.93,"secondary-finmind"
"TWSE","3257","虹冠電",5.86,1241.942,52.51,"secondary-finmind"
"TWSE","5515","建國",6.33,5451.761,42.51,"secondary-finmind"
"TPEx","4167","松瑞藥",7.85,1742.344,33.74,"secondary-finmind"
"TPEx","4754","國碳科",5.97,324.405,30.64,"secondary-finmind"
"TWSE","3014","聯陽",6.54,3364.55,30.45,"secondary-finmind"
"TWSE","1608","華榮",5.46,6080.83,30.39,"official-xbrl"
"TPEx","8435","鉅邁",5.99,414.171,29.43,"secondary-finmind"
"TPEx","4735","豪展",5.46,448.689,24.87,"official-xbrl"
"TPEx","4303","信立",14.03,1193.341,24.38,"secondary-finmind"
"TPEx","6016","康和證",6.07,25508.366,23.9,"secondary-finmind"
"TWSE","4441","振大環球",6.17,2338.752,23.62,"secondary-finmind"
"TWSE","6005","群益證",5.24,115719.847,21.99,"official-xbrl"
"TPEx","4933","友輝",5.41,1116.645,21.55,"official-xbrl"
"TPEx","7819","精誠金融",5.04,165.165,21.35,"secondary-finmind"
"TWSE","9927","泰銘",7.19,1389.747,20.6,"secondary-finmind"
"TWSE","9905","大華",5.14,2692.31,20.51,"official-xbrl"
"TPEx","5212","凌網",9.09,229.643,19.07,"secondary-finmind"
"TWSE","2031","新光鋼",5.57,5865.819,18.81,"official-xbrl"
"TPEx","5878","台名",6.29,115.419,15.66,"secondary-finmind"
"TPEx","6026","福邦證",8.86,2580.074,14.84,"secondary-finmind"
"TWSE","2707","晶華",6.04,1301.758,13.52,"secondary-finmind"
"TPEx","5520","力泰",8.51,623.127,13.12,"secondary-finmind"
"TWSE","2458","義隆",5.42,2098.055,12.46,"official-xbrl"
"TPEx","4702","中美實",5.33,202.602,12.4,"official-xbrl"
"TWSE","5203","訊連",6.52,744.767,12.24,"secondary-finmind"
"TWSE","6951","青新-創",7.46,204.211,11.94,"secondary-finmind"
"TWSE","2852","第一保",5.92,2269.163,11.3,"official-openapi"
"TPEx","5312","寶島科",7.09,1100.168,11.03,"secondary-finmind"
"TPEx","5315","光聯",8.7,250.304,10.93,"secondary-finmind"
"TWSE","1423","利華",10.11,414.937,10.4,"secondary-finmind"
"TWSE","1102","亞泥",6.53,34603.436,10.26,"official-xbrl"
"TPEx","6577","勁豐",6.23,261.17,10.02,"secondary-finmind"
"TWSE","5706","鳳凰",10.12,354.726,9.89,"secondary-finmind"
"TPEx","6123","上奇",8.28,399.509,9.47,"secondary-finmind"
"TPEx","3684","榮昌",5.13,136.486,9.35,"official-xbrl"
"TWSE","3622","洋華",6.45,855.893,9.19,"secondary-finmind"
"TWSE","6165","浪凡",10.5,264.484,8.72,"secondary-finmind"
"TWSE","9935","慶豐富",6.15,793.399,8.72,"secondary-finmind"
"TPEx","6996","力領科技",5.9,300.154,8.66,"secondary-finmind"
"TWSE","2832","台產",6.03,2141.462,8.16,"official-openapi"
"TPEx","5287","數字",8.23,374.391,8.11,"secondary-finmind"
"TWSE","2114","鑫永銓",5.57,313.3,7.88,"secondary-finmind"
"TWSE","2459","敦吉",6.35,760.599,7.83,"secondary-finmind"
"TWSE","4746","台耀",6.59,1087.714,7.82,"secondary-finmind"
"TWSE","1109","信大",6.67,896.113,7.79,"official-xbrl"
"TPEx","4205","中華食",5.05,214.325,7.48,"secondary-finmind"
"TPEx","1294","漢田生技",9.35,89.994,7.33,"secondary-finmind"
"TWSE","2385","群光",6.82,8029.085,7.28,"official-xbrl"
"TPEx","7718","友鋮",5.36,156.078,6.98,"official-xbrl"
"TPEx","8284","三竹",6.05,154.811,6.91,"secondary-finmind"
"TPEx","5356","協益",7.69,417.707,6.86,"secondary-finmind"
"TWSE","1817","凱撒衛",5.5,210.789,6.68,"official-xbrl"
"TPEx","6248","沛波",7.2,268.241,6.66,"secondary-finmind"
"TWSE","2393","億光",7.19,2068.185,6.57,"official-xbrl"
"TPEx","2752","豆府",7.46,151.326,6.55,"secondary-finmind"
"TPEx","2063","世鎧",6.2,133.094,6.49,"secondary-finmind"
"TWSE","2535","達欣工",5.16,1977.02,6.37,"official-xbrl"
"TWSE","4440","宜新實業",5.68,126.614,6.1,"secondary-finmind"
"TWSE","1612","宏泰",7.2,675.687,5.93,"official-xbrl"
"TWSE","5215","科嘉-KY",5.21,299.104,5.93,"official-xbrl"
"TWSE","2020","美亞",8.26,548.252,5.84,"official-xbrl"
"TWSE","5236","凌陽創新",6.69,206.978,5.82,"secondary-finmind"
"TPEx","7782","光速火箭",7.74,49.032,5.79,"secondary-finmind"
"TPEx","4114","健喬",5.56,858.364,5.62,"secondary-finmind"
"TPEx","5209","新鼎",8.46,267.944,5.48,"secondary-finmind"
"TWSE","2228","劍麟",5.96,374.114,5.39,"official-xbrl"
"TWSE","2739","寒舍",6.84,595.292,5.24,"secondary-finmind"
"TPEx","6203","海韻電",6.62,193.451,5.01,"secondary-finmind"
"TWSE","2904","匯僑",5.51,86.01,4.98,"secondary-finmind"
"TWSE","2432","倚天酷碁-創",6.07,93.85,4.79,"official-xbrl"
"TPEx","9960","邁達康",5.17,52.946,4.79,"official-xbrl"
"TPEx","2745","五福",8.56,145.012,4.78,"secondary-finmind"
"TPEx","6294","智基",10.42,61.204,4.75,"secondary-finmind"
"TPEx","4420","光明",7.72,75.765,4.7,"secondary-finmind"
"TWSE","3607","谷崧",5.9,145.39,4.65,"secondary-finmind"
"TWSE","1529","樂事綠能",6.33,150.041,4.64,"official-xbrl"
"TWSE","1615","大山",5.92,286.18,4.33,"official-xbrl"
"TWSE","1339","昭輝",5.82,224.025,4.32,"official-xbrl"
"TWSE","2812","台中銀",5.46,44096.381,4.31,"official-openapi"
"TWSE","2753","八方雲集",6.7,360.414,4.27,"secondary-finmind"
"TWSE","2834","臺企銀",5.65,109004.098,4.23,"official-openapi"
"TPEx","1593","祺驊",6.33,79.241,4.2,"secondary-finmind"
"TWSE","2488","漢平",6.2,175.787,4.17,"secondary-finmind"
"TWSE","2477","美隆電",6.48,353.779,4.08,"secondary-finmind"
"TWSE","1457","宜進",6.97,680.462,4.06,"official-xbrl"
"TWSE","2348","海悅",7.65,2028.935,4.04,"official-xbrl"
"TWSE","2545","皇翔",8.05,2498.285,3.87,"secondary-finmind"
"TWSE","5225","東科-KY",13.18,245,3.76,"secondary-finmind"
"TPEx","3158","嘉實",7.78,50.166,3.74,"secondary-finmind"
"TWSE","3592","瑞鼎",6.68,800.061,3.7,"secondary-finmind"
"TPEx","3213","茂訊",5.69,204.019,3.62,"secondary-finmind"
"TWSE","2442","新美齊",17.18,811.831,3.58,"official-xbrl"
"TWSE","4137","麗豐-KY",12.97,356.628,3.56,"secondary-finmind"
"TWSE","8249","菱光",5.23,349.507,3.52,"official-xbrl"
"TWSE","1215","卜蜂",6.36,1150.08,3.51,"official-xbrl"
"TPEx","7805","威聯通",7.87,385.316,3.41,"secondary-finmind"
"TPEx","6803","崑鼎",5.82,616.264,3.4,"secondary-finmind"
"TWSE","2415","錩新",5.7,361.722,3.32,"official-xbrl"
"TPEx","5604","中連",6.34,81.601,3.28,"secondary-finmind"
"TWSE","1535","中宇",6.57,233.817,3.11,"official-xbrl"
"TWSE","1218","泰山",9.13,436.779,3.05,"official-xbrl"
"TWSE","1731","美吾華",5.81,103.25,2.97,"official-xbrl"
"TPEx","3227","原相",5.37,562.625,2.87,"official-xbrl"
"TPEx","4120","友華",8.7,334.425,2.85,"secondary-finmind"
"TWSE","7705","三商餐飲",5.37,108.845,2.76,"official-xbrl"
"TWSE","2636","台驊控股",7.28,650.261,2.73,"secondary-finmind"
"TWSE","6216","居易",5.19,51.742,2.71,"secondary-finmind"
"TPEx","8342","益張",5.81,48.84,2.61,"secondary-finmind"
"TWSE","9925","新保",5.05,570.87,2.57,"official-xbrl"
"TPEx","2718","全心投控",13.57,189.657,2.55,"secondary-finmind"
"TWSE","3679","新至陞",8.37,241.241,2.55,"secondary-finmind"
"TWSE","4532","瑞智",6.32,816.232,2.55,"secondary-finmind"
"TPEx","8446","華研",9.4,73.133,2.49,"secondary-finmind"
"TPEx","8938","明安",7.69,318.77,2.48,"secondary-finmind"
"TWSE","2540","愛山林",12.45,1557.38,2.46,"secondary-finmind"
"TWSE","1752","南光",5.08,96.904,2.46,"official-xbrl"
"TWSE","2496","卓越",9.07,38.038,2.45,"secondary-finmind"
"TWSE","3038","全台",6.0,94.029,2.45,"secondary-finmind"
"TWSE","6189","豐藝",5.76,419.124,2.43,"secondary-finmind"
"TPEx","6844","諾貝兒",6.68,118.718,2.35,"secondary-finmind"
"TPEx","6899","創為精密",5.61,54.43,2.27,"secondary-finmind"
"TWSE","2414","精技",5.8,405.76,2.25,"official-xbrl"
"TPEx","2732","六角",5.55,130.379,2.24,"secondary-finmind"
"TWSE","3025","星通",6.35,27.064,2.22,"secondary-finmind"
"TWSE","9904","寶成",5.26,9098.36,2.21,"official-xbrl"
"TWSE","6771","平和環保-創",7.66,30.504,2.15,"secondary-finmind"
"TWSE","8341","日友",5.36,204.211,2.0,"official-xbrl"
"TWSE","8367","建新國際",7.0,349.035,1.93,"secondary-finmind"
"TPEx","6194","育富",5.03,45.045,1.9,"official-xbrl"
"TPEx","2643","捷迅",7.14,58.545,1.84,"secondary-finmind"
"TWSE","2420","新巨",5.59,111.545,1.84,"official-xbrl"
"TWSE","2474","可成",5.01,4208.842,1.84,"official-xbrl"
"TWSE","2387","精元",11.03,362.009,1.8,"official-xbrl"
"TWSE","3130","一零四",7.0,76.845,1.76,"secondary-finmind"
"TWSE","2204","中華",6.75,958.276,1.73,"official-xbrl"
"TWSE","1531","高林股",8.47,76.538,1.64,"official-xbrl"
"TWSE","2607","榮運",5.08,739.2,1.54,"official-xbrl"
"TWSE","2107","厚生",5.23,264.683,1.52,"official-xbrl"
"TWSE","6115","鎰勝",6.35,130.183,1.51,"secondary-finmind"
"TPEx","7713","威力德生醫",5.55,37.82,1.5,"secondary-finmind"
"TWSE","9924","福興",6.5,133.346,1.48,"secondary-finmind"
"TWSE","6024","群益期",5.67,2070.424,1.48,"secondary-finmind"
"TPEx","6242","立康",5.85,15.887,1.4,"secondary-finmind"
"TPEx","7716","昱臺國際",7.11,10.326,1.35,"secondary-finmind"
"TWSE","8114","振樺電",6.37,299.774,1.33,"secondary-finmind"
"TWSE","1604","聲寶",6.34,274.085,1.33,"official-xbrl"
"TWSE","2109","華豐",6.69,98.478,1.13,"official-xbrl"
"TWSE","1477","聚陽",7.58,269.035,1.12,"official-xbrl"
"TWSE","6670","復盛應用",5.73,349.879,1.12,"secondary-finmind"
"TWSE","3703","欣陸",5.29,1068.858,1.09,"official-xbrl"
"TWSE","2614","東森",6.61,254.515,1.07,"secondary-finmind"
"TPEx","6506","雙邦",5.48,28.995,1.07,"official-xbrl"
"TWSE","2731","雄獅",8.95,141.951,1.02,"secondary-finmind"
"TPEx","3171","炎洲流通",7.48,18.76,1.02,"secondary-finmind"
"TPEx","4538","大詠城",5.73,9.534,1.02,"secondary-finmind"
"TWSE","3705","永信",5.35,133.942,1.02,"official-xbrl"
"TPEx","6596","寬宏藝術",19.7,19.701,1.01,"secondary-finmind"
"TWSE","2546","根基",5.71,165.381,0.97,"secondary-finmind"
"TPEx","5278","尚凡*",5.13,77.147,0.93,"official-xbrl"
"TPEx","5511","德昌",8.03,151.656,0.91,"secondary-finmind"
"TWSE","6625","必應",6.59,33.509,0.9,"secondary-finmind"
"TWSE","1603","華電",6.66,111.101,0.88,"official-xbrl"
"TWSE","8070","長華*",5.42,447.924,0.86,"official-xbrl"
"TPEx","6121","新普",5.76,678.12,0.81,"secondary-finmind"
"TWSE","5871","中租-KY",5.22,7715.017,0.78,"official-xbrl"
"TWSE","2373","震旦行",6.93,136.408,0.77,"official-xbrl"
"TWSE","2480","敦陽科",5.02,71.785,0.76,"official-xbrl"
"TPEx","8049","晶采",5.76,23.154,0.74,"secondary-finmind"
"TWSE","9931","欣高",5.28,55.82,0.73,"official-xbrl"
"TWSE","2010","春源",8.93,168.864,0.71,"official-xbrl"
"TPEx","6170","統振",8.34,37.34,0.7,"secondary-finmind"
"TPEx","4417","金洲",7.42,36.539,0.69,"secondary-finmind"
"TWSE","9917","中保科",5.82,216.297,0.69,"secondary-finmind"
"TWSE","1720","生達",5.36,81.911,0.67,"official-xbrl"
"TPEx","5213","亞昕",13.24,461.66,0.66,"secondary-finmind"
"TPEx","6023","元大期",6.63,2087.522,0.66,"secondary-finmind"
"TPEx","2756","聯發國際",5.31,8.634,0.66,"official-xbrl"
"TWSE","1537","廣隆",6.32,40.353,0.65,"official-xbrl"
"TWSE","1307","三芳",7.18,113.483,0.61,"official-xbrl"
"TWSE","1616","億泰",7.25,26.569,0.59,"official-xbrl"
"TWSE","6201","亞弘電",6.92,22.04,0.56,"secondary-finmind"
"TWSE","3209","全科",5.51,129.79,0.56,"official-xbrl"
"TWSE","1432","大魯閣",13.29,20.536,0.55,"official-xbrl"
"TPEx","7811","民盛",7.64,15.733,0.52,"secondary-finmind"
"TPEx","6856","鑫傳",7.14,5.34,0.51,"secondary-finmind"
"TPEx","5547","久舜",9.61,10.026,0.49,"secondary-finmind"
"TPEx","2743","山富",5.88,14.088,0.43,"secondary-finmind"
"TWSE","6184","大豐電",7.52,35.1,0.39,"secondary-finmind"
"TWSE","4915","致伸",7.55,199.984,0.37,"secondary-finmind"
"TPEx","1788","杏昌",5.47,19.828,0.37,"official-xbrl"
"TWSE","4766","南寶",5.2,116.567,0.37,"official-xbrl"
"TPEx","3217","優群",7.49,25.74,0.36,"secondary-finmind"
"TPEx","3293","鈊象",5.08,116.305,0.35,"official-xbrl"
"TWSE","2534","宏盛",8.88,106.592,0.33,"secondary-finmind"
"TWSE","1104","環泥",6.74,104.87,0.33,"official-xbrl"
"TWSE","1210","大成",5.71,256.376,0.33,"official-xbrl"
"TPEx","5609","中菲行",7.11,31.859,0.29,"secondary-finmind"
"TWSE","7736","虎山",5.48,12,0.27,"official-xbrl"
"TPEx","3310","佳穎",5.18,15.558,0.23,"official-xbrl"
"TWSE","1446","宏和",11.24,6.868,0.22,"official-xbrl"
"TWSE","3708","上緯投控",6.53,55.383,0.22,"secondary-finmind"
"TPEx","5314","世紀*",81.7,17.013,0.21,"secondary-finmind"
"TWSE","6669","緯穎",7.02,1157.3,0.21,"secondary-finmind"
"TPEx","5410","國眾",5.87,20.142,0.2,"secondary-finmind"
"TWSE","1108","幸福",8.62,19.199,0.19,"official-xbrl"
"TPEx","8916","光隆",7.4,20.266,0.19,"secondary-finmind"
"TPEx","3303","岱稜",5.84,8.262,0.19,"secondary-finmind"
"TPEx","7738","東聯互動",5.95,4.591,0.18,"secondary-finmind"
"TWSE","2439","美律",5.36,71.806,0.18,"official-xbrl"
"TWSE","2903","遠百",5.57,226.094,0.17,"secondary-finmind"
"TPEx","6763","綠界科技*",7.32,11.02,0.15,"secondary-finmind"
"TWSE","1707","葡萄王",6.63,21.831,0.15,"official-xbrl"
"TPEx","8279","生展",6.39,4.413,0.14,"secondary-finmind"
"TWSE","6177","達麗",6.28,66.482,0.14,"secondary-finmind"
"TPEx","3118","進階",7.01,1.01,0.13,"secondary-finmind"
"TWSE","1315","達新",6.81,18.903,0.13,"official-xbrl"
"TWSE","3596","智易",5.79,69.633,0.13,"secondary-finmind"
"TPEx","4207","環泰",6.02,7.878,0.12,"secondary-finmind"
"TWSE","1451","年興",5.78,10.768,0.12,"official-xbrl"
"TWSE","7760","享溫馨",6.06,5.07,0.11,"secondary-finmind"
"TWSE","2538","基泰",5.64,17.87,0.1,"secondary-finmind"
"TWSE","1734","杏輝",5.14,7.114,0.1,"official-xbrl"
"TWSE","1436","華友聯",13.59,18.708,0.09,"official-xbrl"
"TPEx","4129","聯合",5.39,7.963,0.09,"official-xbrl"
"TWSE","3005","神基",6.04,43.265,0.08,"secondary-finmind"
"TWSE","1524","耿鼎",5.26,4.31,0.08,"secondary-finmind"
"TWSE","2505","國揚",5.8,17.724,0.07,"secondary-finmind"
"TPEx","6971","惠民實業",5.63,2.113,0.07,"secondary-finmind"
"TPEx","4568","科際精密",5.06,1.166,0.07,"official-xbrl"
"TWSE","5525","順天",5.41,12.242,0.06,"official-xbrl"
"TPEx","8436","大江",5.52,7.129,0.05,"secondary-finmind"
"TWSE","6743","安普新",10.34,3.283,0.04,"secondary-finmind"
"TWSE","3501","維熹",5.06,4.207,0.04,"official-xbrl"
"TWSE","9946","三發地產",8.07,4.603,0.03,"secondary-finmind"
"TPEx","5478","智冠",7.7,5.534,0.03,"secondary-finmind"
"TPEx","3526","凡甲",6.08,1.981,0.03,"secondary-finmind"
"TWSE","5007","三星",5.3,2.155,0.03,"official-xbrl"
"TWSE","7821","神數",5.04,2.36,0.03,"official-xbrl"
"TWSE","3046","建碁",5.56,0.915,0.02,"secondary-finmind"
"TWSE","2006","東和鋼鐵",5.25,9.137,0.02,"official-xbrl"
"TWSE","2548","華固",8.99,5.276,0.01,"secondary-finmind"
"TWSE","2547","日勝生",8.03,5.71,0.01,"secondary-finmind"
"TPEx","5403","中菲",7.02,0.6,0.01,"secondary-finmind"
"TWSE","4581","光隆精密-KY",6.26,0.3,0.01,"secondary-finmind"
"TWSE","1712","興農",6.12,2.013,0.01,"official-xbrl"
"TWSE","9941","裕融",5.65,14.981,0.01,"secondary-finmind"
"TPEx","6469","大樹",5.54,1.8,0.01,"secondary-finmind"
"TWSE","6890","來億-KY",5.54,4.347,0.01,"secondary-finmind"
"TWSE","2450","神腦",5.51,0.552,0.01,"secondary-finmind"
"TWSE","2453","凌群",5.41,0.276,0.01,"official-xbrl"
"TWSE","6768","志強-KY",8.1,0.059,0.0,"secondary-finmind"
"TWSE","2603","長榮",6.99,8.632,0.0,"secondary-finmind"
"TWSE","3168","眾福科",6.9,0.046,0.0,"secondary-finmind"
"TWSE","9943","好樂迪",6.86,0.148,0.0,"secondary-finmind"
"TWSE","6965","中傑-KY",6.68,0.627,0.0,"secondary-finmind"
"TWSE","5534","長虹",6.67,0.6,0.0,"secondary-finmind"
"TWSE","6914","阜爾運通",6.64,0.5,0.0,"secondary-finmind"
"TPEx","5206","坤悅",6.45,0.003,0.0,"secondary-finmind"
"TPEx","2755","揚秦",5.92,0.081,0.0,"secondary-finmind"
"TPEx","3484","崧騰",5.51,0.127,0.0,"secondary-finmind"
"TWSE","6192","巨路",5.04,0.189,0.0,"official-xbrl"
